<?xml version="1.0" encoding="UTF-8"?>
<project-private xmlns="http://www.netbeans.org/ns/project-private/1">
    <editor-bookmarks xmlns="http://www.netbeans.org/ns/editor-bookmarks/2" lastBookmarkId="0"/>
    <open-files xmlns="http://www.netbeans.org/ns/projectui-open-files/2">
        <group>
            <file>file:/D:/Study/G4/semester%201/SL_in%20_Software%20Engineer/LibraryManagementSystem/src/library/models/RegularUser.java</file>
            <file>file:/D:/Study/G4/semester%201/SL_in%20_Software%20Engineer/LibraryManagementSystem/src/library/utils/UserFactory.java</file>
            <file>file:/D:/Study/G4/semester%201/SL_in%20_Software%20Engineer/LibraryManagementSystem/src/librarymanagementsystem/LibraryUI.java</file>
            <file>file:/D:/Study/G4/semester%201/SL_in%20_Software%20Engineer/LibraryManagementSystem/src/library/models/Book.java</file>
            <file>file:/D:/Study/G4/semester%201/SL_in%20_Software%20Engineer/LibraryManagementSystem/src/library/models/SoftwareEngineeringBook.java</file>
            <file>file:/D:/Study/G4/semester%201/SL_in%20_Software%20Engineer/LibraryManagementSystem/src/librarymanagementsystem/LibraryManagementSystem.java</file>
            <file>file:/D:/Study/G4/semester%201/SL_in%20_Software%20Engineer/LibraryManagementSystem/src/library/models/ManagementBook.java</file>
            <file>file:/D:/Study/G4/semester%201/SL_in%20_Software%20Engineer/LibraryManagementSystem/src/library/models/User.java</file>
            <file>file:/D:/Study/G4/semester%201/SL_in%20_Software%20Engineer/LibraryManagementSystem/src/library/models/AdminUser.java</file>
            <file>file:/D:/Study/G4/semester%201/SL_in%20_Software%20Engineer/LibraryManagementSystem/src/library/utils/Logger.java</file>
            <file>file:/D:/Study/G4/semester%201/SL_in%20_Software%20Engineer/LibraryManagementSystem/src/library/utils/BookFactory.java</file>
            <file>file:/D:/Study/G4/semester%201/SL_in%20_Software%20Engineer/LibraryManagementSystem/src/library/models/ArtificialIntelligenceBook.java</file>
        </group>
    </open-files>
</project-private>
